<?xml version="1.0" encoding="UTF-8"?>
<root>
  <item name="com.tencent.liteav.demo.videojoiner.swipemenu.touch.OnItemStateChangedListener void onSelectedChanged(android.support.v7.widget.RecyclerView.ViewHolder, int) 1">
    <annotation name="android.support.annotation.IntDef">
      <val name="value" val="{com.tencent.liteav.demo.videojoiner.swipemenu.touch.OnItemStateChangedListener.ACTION_STATE_IDLE, com.tencent.liteav.demo.videojoiner.swipemenu.touch.OnItemStateChangedListener.ACTION_STATE_SWIPE, com.tencent.liteav.demo.videojoiner.swipemenu.touch.OnItemStateChangedListener.ACTION_STATE_DRAG}" />
    </annotation>
  </item>
  <item name="com.tencent.liteav.demo.videojoiner.swipemenu.touch.OnItemStateChangedListener.ActionStateMode">
    <annotation name="android.support.annotation.IntDef">
      <val name="value" val="{com.tencent.liteav.demo.videojoiner.swipemenu.touch.OnItemStateChangedListener.ACTION_STATE_IDLE, com.tencent.liteav.demo.videojoiner.swipemenu.touch.OnItemStateChangedListener.ACTION_STATE_SWIPE, com.tencent.liteav.demo.videojoiner.swipemenu.touch.OnItemStateChangedListener.ACTION_STATE_DRAG}" />
    </annotation>
  </item>
</root>

